Tray_id,Tray_Name,Instrument_Name,Instrument_ID,Quantity
7,GEN TRAY  MINOR  BASIC,"CRILE,  HALSTED,  MOSQUITO,  CVD,  5""",Pitting  18-2310,4
8,GEN TRAY  MINOR  BASIC,"CRILE,  HEMOSTAT, CVD,  5.5""",Pitting 18-2060,8
9,GEN TRAY  MINOR  BASIC,"CLANP,  ROCHESTER-PEAN,  CVD,  6.25""",Pilling 18-2445,4
10,GEN TRAY  MINOR  BASIC,"FCP,  BABCOCK, TISSUE,  STANDARD,  6.25""",Pitting  18-3010,2
11,GEN TRAY  MINOR  BASIC,"CLANP,  ALLIS,  INTEST, TISSUE,  4  X  5 TTH,  6”",Pilling 18-2850,6
12,GEN TRAY  MINOR  BASIC,"CLAMP,  ROCHESTER OCHSNER,  KOCHER, CVD  7.25”",Pitting 18-2665,2
13,GEN TRAY  MINOR  BASIC,"CLANP, TONSIL,  CVD,  7""",Pitting  18-2370,2
14,GEN TRAY  MINOR  BASIC,"FCP,  NIXTER,  GALL,  DUCT,  CVD, SERR,  8""",Pilling 17-2503,2
15,GEN TRAY  MINOR  BASIC,"CLANP,  LAHEY,  GALL  DUCT,  LONGITUDE  SERR,  7.75""",Pilling 17-2530,2
16,GEN TRAY  MINOR  BASIC,"NH,  NAYO,  HEGAR,  7.5""",Pilling 15-2722,2
17,GEN TRAY  MINOR  BASIC,"NH, CRILE,  WOOD,  6.25""",Pilling 15-2780,2
18,GEN TRAY  MINOR  BASIC,"SCISSOR,  METZENBAUN,  CVD,  7""",Pilling 14-2204,2
19,GEN TRAY  MINOR  BASIC,"SCISSOR,  MAYO, STR,  6.75""",Pitting  14-2227,1
20,GEN TRAY  MINOR  BASIC,"SCISSOR,  NAYO,  CVD,  6.75""",Pilling  14-2225,1
21,GEN TRAY  MINOR  BASIC,"SCISSOR,  LISTER,  BANDAGE,  7""",Pilling 14-2420,1
22,GEN TRAY  MINOR  BASIC,"TOWEL  CLAMP,  PENETRATING,  3.5""",Pilling 12-1605,4
23,GEN TRAY  MINOR  BASIC,"HANDLE,  KNIFE,  #3,  SAFTY-LOCK,  4.5""",B-D 374030,2
24,GEN TRAY  MINOR  BASIC,"HANDLE,  KNIFE,  #7",Pilling  35-2957,1
25,GEN TRAY  MINOR  BASIC,"FCP, DEBAKEY, TISSUE,  ATRAUGRIP,  VASC,  STR,  7.75”",Pilling  35-1802,2
26,GEN TRAY  MINOR  BASIC,"FCP, ADSON, TISSUE,  W/TEETH,  4.75""",Pitting  18-1223,2
27,GEN TRAY  MINOR  BASIC,"FCP, THUNB,  TISSUE,  1 X  2 TTH,  5.5""",Pilling  18-1129,2
28,GEN TRAY  MINOR  BASIC,"FCP,  BONNEY,  2x3,  7  1/8""",SSI 06-8790,1
29,GEN TRAY  MINOR  BASIC,"SUCTION,  TUBE,  ADSON,  CVD,  15FR.",Pilling 16-2456,1
30,GEN TRAY  MINOR  BASIC,WEITHLANDER,Pitting  16-5362,2
31,GEN TRAY  MINOR  BASIC,"RETRACTOR,  GELPI,  SINGLE,  SHP,  PRONG,  7""",Pitting  16-5440,2
32,GEN TRAY  MINOR  BASIC,"RETRACTOR, OCHSNER, MALL, RIBBON, 2.5CM X 33CM",Pitting  16-4164,1
33,GEN TRAY  MINOR  BASIC,"RETRACTOR, ARNY-NAW,  8.5”",Pilling 16-4715,2
34,GEN TRAY  MINOR  BASIC,"RETRACTOR,  RICHARDSON,  SMALL",Pilling 16-4550,2
35,GEN TRAY  MINOR  BASIC,"RETRACTOR,  RICHARDSON,  LARGE",Pilling  16-4850,2
36,GEN TRAY  MINOR  BASIC,"RETRACTOR,  4-PRONGS,  BLUNT,  8-5/8""",Pitting 16-4414,1
37,GEN TRAY  MINOR  BASIC,"RETRACTOR,  VOLKNANN,  4-PRONGS,  SHARP,  8.5""",Pilling 16-4404,1
38,GEN TRAY  MINOR  BASIC,"CLIP,  ZIMMER,  LARGE",Zimmer  5702,2
39,GEN TRAY  MINOR  BASIC,"CLIP,  ZIMMER,  SNALL",Zimmer  5703,2
40,GEN TRAY  MINOR  BASIC,"CLAM,  FOERSTER,  SPONGE,  SERRATED,  STR, 9.5""",Pilling  12-1417,4
41,ORT TRAY  PODIATRY,"CRIL6, MOSQUITO, CVD, 3.5",Codman  33-3901,6
42,ORT TRAY  PODIATRY,"CLAMP,  ROCHESTER-PEAN,  CVD,  6.25""",Pilling  18-2445,"CLAMP,  ROCHESTER-PEAN,  CVD,  6.25"""
43,ORT TRAY  PODIATRY,"FCP, OCHSNER,  KOCHER,  HENO,  1 X2 TTH,  STR,  7. 25""",Pilling  47-6210,2
44,ORT TRAY  PODIATRY,"FCP, HALSTED,  NOSQ, STR,  5""",SSI 15-4412,5
45,ORT TRAY  PODIATRY,"FCP, HALSTED,  NOSQ, CVD,  5""",SSI 15-4512,"FCP, HALSTED,  NOSQ, CVD,  5"""
46,ORT TRAY  PODIATRY,"CLANP,  ALLIS,  INTEST, TISSUE,  4 X  5 TTH,  6""",Pilling  18-2850,2
47,ORT TRAY  PODIATRY,"NH, NAYO-HEGAR  PLUS, W/TC,  INSERTS, STR,  5""",Codman  36-2015,2
48,ORT TRAY  PODIATRY,"NH, NAYO,  HEGAR, 6.5""",Pilling  15-2720,1
49,ORT TRAY  PODIATRY,"SCISSOR,  IRIS, SHARP/SHARP,  STR, 4.5""",Pilling  46-2632,1
50,ORT TRAY  PODIATRY,"SCISSOR,  IRIS, SHARP/SHARP,  CVD, 4.5""",Pilling  46-2633,1
51,ORT TRAY  PODIATRY,"SCISSOR,  STRABISMUS,  CVD,  4.5”",Pilling  46-2691,1
52,ORT TRAY  PODIATRY,"SCISSOR,  SUTURE,  5 3/4""",SS  Pakistan  NO NUNBER,1
53,ORT TRAY  PODIATRY,"SCISSOR,  NETZ, SCR, CVD,  5.5""",SSI 04-3314,1
54,ORT TRAY  PODIATRY,"SCISSOR,  NETZENBAUN,  BABY, STR,  W/NICRO  SERR, 4.5""",Pilling  14-2200,1
55,ORT TRAY  PODIATRY,"SCISSOR,  TENOTONY,  FINE,  1 1CM, 4.75""",KLS  Nartin  11-344-1 1,1
56,ORT TRAY  PODIATRY,"SCISSOR,  NAYO, CVD,  6.75""",Pilling  14-2225,1
57,ORT TRAY  PODIATRY,"SCISSOR,  NAYO,  STR,  6.75""",Pilling 14-2227,1
58,ORT TRAY  PODIATRY,"SCISSOR,  LTSTER BANDAGE, 7.25“",Codman  54-4013,1
59,ORT TRAY  PODIATRY,"TOWEL  CLAMP,  PENETRATING,  SMALL,  3-1/2""",Codman  35-5000,4
60,ORT TRAY  PODIATRY,"FORCEPS,  BONE  REDUCTION  STAGBEETLE,  CRV,  4-3/4""",SSI 35-1135,1
61,ORT TRAY  PODIATRY,Subtotal for A)  Stringer,,40
62,ORT TRAY  PODIATRY,B) #1  Roll,,B) #1  Roll
63,ORT TRAY  PODIATRY,"ELEVATOR,  SAYRE,  SHARP,  17.0CNN",Niltex 27-744,1
64,ORT TRAY  PODIATRY,"HANDLE,  KNIFE,  #3,  5""",Pilling 35-2950,2
65,ORT TRAY  PODIATRY,"FCP, ADSON,  TISSUE,  W/TEETH,  4.75”",Pilling 18-1223,2
66,ORT TRAY  PODIATRY,"FCP, TISSUE,  ADSON,  BROWN,  4.75""",Pilling 18-1235,2
67,ORT TRAY  PODIATRY,"FCP,  DEBAKEY, TISSUE,  ATRAUGRIP,  VASC,  STR,  7.75""",Pilling 35-1802,1
68,ORT TRAY  PODIATRY,"FCP, TISSUE,  VASC,  DEBAKEY,  6""",Codman  37-1010,1
69,ORT TRAY  PODIATRY,"RETRACTOR,  SENN,  DBLEND, 3PRONG,  SHARP,  6-7/16""",Codman  50-4260,2
70,ORT TRAY  PODIATRY,"HOOK, JOSEPH,  SKIN,  DBL, SNN,  6.25""",Pilling 44-2104,2
71,ORT TRAY  PODIATRY,"HOOK, JOSEPH,  SKIN,  SINGLE,  6.25""",Pilling 44-2100,2
72,ORT TRAY  PODIATRY,"RETRACTOR,  RAGNELL,  DBL  ENDED",Pilling 44-2250,2
73,ORT TRAY  PODIATRY,"RETRACTOR,  BOLEY, 6.25,  .5,  BW,  7/16,  BW,  DBL  END",Codman  50-5608,1
74,ORT TRAY  PODIATRY,"ELEVATOR,  KEY,  1/4"" X  6-7/8""",Jarit  250-421,1
75,ORT TRAY  PODIATRY,"ELEVATOR,  KEY, SOLID,  3/8,  9MMW  X  7•3/8,  18.7CM",Jadt2S0-422,"ELEVATOR,  KEY, SOLID,  3/8,  9MMW  X  7•3/8,  18.7CM"
76,ORT TRAY  PODIATRY,ORT TRAY  PODIATRY,,ORT TRAY  PODIATRY
77,ORT TRAY  PODIATRY,DESCRIPTION,CATALOG,DESCRIPTION
78,ORT TRAY  PODIATRY,"ELEVATOR,  FREER,  7.5""",Pilling  53-5194,"ELEVATOR,  FREER,  7.5"""
79,ORT TRAY  PODIATRY,"RULER,  METRIC,  6""",V  Mueller OP2720,1
80,ORT TRAY  PODIATRY,"PROBE,  W/PROXIMAL  EYE 5.5""",Pilling  16-6522,1
81,ORT TRAY  PODIATRY,"PROBE,  DIRECTOR,  GROOVED,  5.5”",Pilling  16-6612,1
82,ORT TRAY  PODIATRY,"DESSECTING, ADSON,  HOOK,  SHARP,  ROUGH,  HDL, 7.5",Codman  38-1060,1
83,ORT TRAY  PODIATRY,"FCP, ADSON,  DRESSING, 4.75""",Pilling  18-1220,1
84,ORT TRAY  PODIATRY,Subtotal for e) #1  Roll,,26
85,ORT TRAY  PODIATRY,C] #2  Roll,,C] #2  Roll
86,ORT TRAY  PODIATRY,"SUCTION,  TUBE,  FRAZIER, ANGLED,  4"",  10FR.",Pilling  16-2414,1
87,ORT TRAY  PODIATRY,"RASP,  COTTLE,  SINGLE-ENDED,  8""",Pilling  44-1520,1
88,ORT TRAY  PODIATRY,"RASP, JOSEPH,  COARSE,  6""",Pilling  44-1530,1
89,ORT TRAY  PODIATRY,"NINI OSTEOTONE,  STR  12MM,  5""",Pilling  44-1205,1
90,ORT TRAY  PODIATRY,"OSTEOTONE,  MINI, STR  10NN,  5""",Pilling  44-1204,1
91,ORT TRAY  PODIATRY,"ELEVATOR, MINI, MOHMANN, BONE, 8MM, 6.5”",Sklar 40-7451,3
92,ORT TRAY  PODIATRY,"OSTEOTOME,  LANBOTTE, JUNIOR,  STR,  12MN,  7""",Sklar  40-6632,1
93,ORT TRAY  PODIATRY,"OSTEOTONE,  LANBOTTE,  JUNIOR,  STR,  16NN,  7""",Sklar 40-6636,"OSTEOTONE,  LANBOTTE,  JUNIOR,  STR,  16NN,  7"""
94,ORT TRAY  PODIATRY,"OSTEOTOF'IE,  LAMBOTTE,  JUNIOR,  19NN, STR,  7""",Sklar 40-6639,1
95,ORT TRAY  PODIATRY,"RETRACTOR,  SPATULA,  BRAIN,  .25""",Codman  22-00511,"RETRACTOR,  SPATULA,  BRAIN,  .25"""
96,ORT TRAY  PODIATRY,"RETRACTOR,  SPATULA,  BRAIN,  .50""",Codman  22-00601,"RETRACTOR,  SPATULA,  BRAIN,  .50"""
97,ORT TRAY  PODIATRY,"BONE  FILE,  # 12A,  DOUBLE  ENDED,  SERRATED",SSI 77-2009,"BONE  FILE,  # 12A,  DOUBLE  ENDED,  SERRATED"
98,ORT TRAY  PODIATRY,"RETRACTOR,  SPATULA,  BRAIN,  1""",Codman  22-00731,"RETRACTOR,  SPATULA,  BRAIN,  1"""
99,ORT TRAY  PODIATRY,Subtotal for C) #2 Roll,,Subtotal for C) #2 Roll
100,ORT TRAY  PODIATRY,D}  Btm of Tray,,D}  Btm of Tray
101,ORT TRAY  PODIATRY,"CUTTER,  WALTON -LISTON,  BONE,  FCP, STR,  6""",Pilling 34-1880,1
102,ORT TRAY  PODIATRY,"CUTTER,  PIN",Pilling 39-2515,1
103,ORT TRAY  PODIATRY,"RONGEUR,  SHEARER,  FORCEPS,  SPIALL,  5.75""",V Mueller MO640,1
104,ORT TRAY  PODIATRY,"CLIP,  ZINNER,  Sf•1ALL",Zimmer  5703,2
105,ORT TRAY  PODIATRY,"MALLETT, PECK, 7.5”",Pilling 44-1420,1
106,ORT TRAY  PODIATRY,"RETRACTOR,  WEITLAN,  SELF-RETAIN,  2x3, SHARP,  4.5""",Codman 50-5646,2
107,ORT TRAY  PODIATRY,"RETRACTOR,  WEITLANER,  BLUNT, 4.5""",Codman  50-5647,2
108,ORT TRAY  PODIATRY,"CLANP,  SPONGE,  CLASSIC,  HOLDING, SERR,  7""",Codman 32-6101,2
109,ORT TRAY  PODIATRY,"RET, SEEBURGER",V.  NUELLER SU3640,"RET, SEEBURGER"
110,ORT TRAY  PODIATRY,"RETRACTOR,  VOLKNAN,  4,PRONGS,  BLUNT, 8""",SSI 22-3504,1
111,ORT TRAY  PODIATRY,"RECTRACTOR,  VOLKMANN,  4,  PRONG, SHARP,  8”",SSI 22-3404,1
112,ORT TRAY  PODIATRY,"RETRACTOR,  ARNY-NAVY,  8.5""",Pilling  16-4715,2
113,ORT TRAY  PODIATRY,NARROW  NOSE WIRE  PULLER,SSI 14-5631,1
114,ORT TRAY  PODIATRY,"RONGEUR,  BONE,  7""X5NN",SSI 30-3818,"RONGEUR,  BONE,  7""X5NN"
115,EYE CATARACT  LARGE SET,"SPECULUN,  LIEBERMAN,  OPEN,  WIRE,  17MM,  45DEG,",Storz  E4065A,1
116,EYE CATARACT  LARGE SET,"SPECULUN,  KRATZ-BARRAQ,  OPEN,  14MN, BLADES,  1.6""",Storz E4106-K,1
117,EYE CATARACT  LARGE SET,"CANNULA,  BINKH, HOOK, LEFT, 22GAU, ANG 30DEG,  1.4""",Storz E4412-BR,"CANNULA,  BINKH, HOOK, LEFT, 22GAU, ANG 30DEG,  1.4"""
118,EYE CATARACT  LARGE SET,"CANNULA, JENSEN,  CAPSULE,  POLISHER, CVD, 27G,  1.1""",Storz  E0511-ED,1
119,EYE CATARACT  LARGE SET,"LENS,  LOOP, KNOLLE-PEARCE,  IRRIGATION, 23GA",Storz  E0631,"LENS,  LOOP, KNOLLE-PEARCE,  IRRIGATION, 23GA"
120,EYE CATARACT  LARGE SET,"CANNULA,  BISHOP-HARNON,  IRRGAT,  19GA, 30DEG,  1.0”",Storz  E4922,"CANNULA,  BISHOP-HARNON,  IRRGAT,  19GA, 30DEG,  1.0”"
121,EYE CATARACT  LARGE SET,"SCRAPER,  KRATZ, CAPSULE,  SANDBLAST, TIP, 23G, 8""",Storz  E0508D,1
122,EYE CATARACT  LARGE SET,B) F8IDDLE TRAY,,B) F8IDDLE TRAY
123,EYE CATARACT  LARGE SET,"NH, CASTROVIEJO,  W/LOCK,  MEDUIM,  STR, 5.8”",Storz  E3852,1
124,EYE CATARACT  LARGE SET,"NH, TROUTNAN,  NEDIUN,  10MN, CVD, W/O  LOCK, 4.8""",Storz  E3839,1
125,EYE CATARACT  LARGE SET,"COLLAR,  BUTTN, STR, GRAETHER",Storz E0566-S,1
126,EYE CATARACT  LARGE SET,"SPATULA,  KOCH, PHACOEMULSIFICATION,  DUCKBIL,",Storz  E0712,1
127,EYE CATARACT  LARGE SET,"SCISSOR, STEVENS TENOTONY,  CVD, BLUNT, TIPS,  3.8""",Storz  E3556,1
128,EYE CATARACT  LARGE SET,"LENS, LESTER,  MANIPULATOR,  , STR, 0.2NN, TIP, 4.5""",Storz E0571,1
129,EYE CATARACT  LARGE SET,"HOOK, SINSKEY,  MODIFIED, 0.2MM, CVD, 4.8""",Storz  E545N,1
130,EYE CATARACT  LARGE SET,"HOOK, KUGLEN, 6NN WIDE, ANGLED,  4.7/8""",Storz E567,"HOOK, KUGLEN, 6NN WIDE, ANGLED,  4.7/8"""
131,EYE CATARACT  LARGE SET,"SPATULA,  BARR, CYCLOD,  IRIS SWEEP, CVD,  BLD 4.75""",Storz  E0484,1
132,EYE CATARACT  LARGE SET,"HANDLE, KNIFE, ROUND,  BEAVER, BLD, 3K, 10CI'4",Pilling 45-6006,1
133,EYE CATARACT  LARGE SET,"HANDLE, KNIFE,  BEAVER, W/O COLLET,  3K,  10CM",Pilling 45-6006WO,1
134,EYE CATARACT  LARGE SET,"LENS,  LOOP, LEWIS, 6NM X  7NN, 5.3""",Storz  E664,1
135,EYE CATARACT  LARGE SET,"KNIFE, TOOKE  CORNEAL,  3I'4M  X  18NN, SMTH,  BLD, 4.7""",Storz  E0390,1
136,EYE CATARACT  LARGE SET,"HOOK, JANESON,  NUSCLE, 2.0NN, 5.4""",Storz E0586,2
137,EYE CATARACT  LARGE SET,CALIPER,Storz S4145-5,1
138,EYE CATARACT  LARGE SET,"FIXATION,  RING, FINE, THORNTON,  FLEXIBLE, 13NN BLUE",Storz ET9020,1
139,EYE CATARACT  LARGE SET,Subtotal for B) NIDDLE TRAY,,Subtotal for B) NIDDLE TRAY
140,EYE CATARACT  LARGE SET,C) BTPI TRAY,,C) BTPI TRAY
141,EYE CATARACT  LARGE SET,"FCP, CASTROVIEJO,  STRAIGHT,  LOCKING",Storz  E1798S,"FCP, CASTROVIEJO,  STRAIGHT,  LOCKING"
142,EYE CATARACT  LARGE SET,"CL/EYE  FCP, CASTROVIEJO,  W/TTH, STR LAW, 0.3NN",Storz  E1797,"CL/EYE  FCP, CASTROVIEJO,  W/TTH, STR LAW, 0.3NN"
143,EYE CATARACT  LARGE SET,"FCP,CASTROVIEJO,  SUTURE,  STR, W/O TTH,  12NN, 4.2""",Storz  E1796WO,2
144,EYE CATARACT  LARGE SET,"FCP, TROUTNANN-BARR,  CORN'L,  5",Storz  E3198,1
145,EYE CATARACT  LARGE SET,"FCP, IOWA, STATE,  FIXATION,  1 X  2 TTH, 3.4""",Storz  E1724,1
146,EYE CATARACT  LARGE SET,"FCP, BECHERT-NCPHERSON,  ANG, TYING,  45DEG,  3.3""",Storz  E1815-AB,1
147,ORT  ARTHREX  KNEE ARTHROSCOPY  1NSTRUNENTS                                                7,"PUNCH,  WIDE  BITER",Arthrex  AR-11040XL,1
148,ORT  ARTHREX  KNEE ARTHROSCOPY  1NSTRUNENTS                                                7,"PUNCH,  CURVED  BITHER 30  DEG",Arthrex  AR-1 1020,1
149,ORT  ARTHREX  KNEE ARTHROSCOPY  1NSTRUNENTS                                                7,"PUNCH,  ROTARY, 90  DEG LEFT",Arthrex  AR-12930,1
150,ORT  ARTHREX  KNEE ARTHROSCOPY  1NSTRUNENTS                                                7,"GRASPER,  ROTATOR CUFF",Arthrex  AR-13600NR,1
151,ORT  ARTHREX  KNEE ARTHROSCOPY  1NSTRUNENTS                                                7,"PUNCH,  WIDE  BITER, CURVED",Arthrex  AR-1 1041XL,1
152,ORT  ARTHREX  KNEE ARTHROSCOPY  1NSTRUNENTS                                                7,"BITER, SINGLE TOOTH,  CURVED",Arthrex  AR-12610NR,1
153,ORT  ARTHREX  KNEE ARTHROSCOPY  1NSTRUNENTS                                                7,"PUNCH,  STRAIGHT  BITER",Arthrex  AR-12300,1
154,ORT  ARTHREX  KNEE ARTHROSCOPY  1NSTRUNENTS                                                7,"PUNCH,  UP BITER,  15 DEG",Arthrex  AR-123 10,1
155,ORT  ARTHREX  KNEE ARTHROSCOPY  1NSTRUNENTS                                                7,"PUNCH, SIDE  BITER LEFT",Arthrex  AR-1 1470,1
156,ORT  ARTHREX  KNEE ARTHROSCOPY  1NSTRUNENTS                                                7,"PUNCH,  STRAIGHT  BITER NARROW",Arthrex  AR-12100,1
157,ORT  ARTHREX  KNEE ARTHROSCOPY  1NSTRUNENTS                                                7,"PUNCH, WIDE  BITER LEFT",Arthrex  AR-1 1391,"PUNCH, WIDE  BITER LEFT"
158,ORT  ARTHREX  KNEE ARTHROSCOPY  1NSTRUNENTS                                                7,"GRASPER,  STRAIGHT",Arthrex  AR-12500NR,1
159,ORT  ARTHREX  KNEE ARTHROSCOPY  1NSTRUNENTS                                                7,"PUNCH,  ROTARY, 90  DEG RIGHT",Arthrex  AR-12920,1
160,ORT  ARTHREX  KNEE ARTHROSCOPY  1NSTRUNENTS                                                7,"PUNCH,  SIDE  BITER RIGHT",Arthrex  AR-1 1460,1
161,ORT  ARTHREX  KNEE ARTHROSCOPY  1NSTRUNENTS                                                7,"PUNCH,  WIDE  BITER RIGHT",Arthrex  AR-1 1390,1
162,ORT  ARTHREX  KNEE ARTHROSCOPY  1NSTRUNENTS                                                7,"PUNCH,  STANDARD  CURVED,  30  DEG LEFT",Arthrex  AR-1 1030,1
163,ORT  ARTHREX  KNEE ARTHROSCOPY  1NSTRUNENTS                                                7,"SCISSORS,  SERRATED",Arthrex  AR-12140,1
164,ORT  ARTHREX  KNEE ARTHROSCOPY  1NSTRUNENTS                                                7,MEGABITER,Arthrex  AR-41026,1
165,ORT  ARTHREX  KNEE ARTHROSCOPY  1NSTRUNENTS                                                7,Subtotal,,Subtotal
166,ORT  ARTHREX  KNEE ARTHROSCOPY  1NSTRUNENTS                                                7,BOTTOf€,,BOTTOf€
167,ORT  ARTHREX  KNEE ARTHROSCOPY  1NSTRUNENTS                                                7,"CRILE,  HEMOSTAT,  CVD,  5.5""",Pilling 18-2060,2
168,ORT  ARTHREX  KNEE ARTHROSCOPY  1NSTRUNENTS                                                7,"ALLIS,  TISSUE,  4  X  5 TTH,  6”",Pilling 18-2860,"ALLIS,  TISSUE,  4  X  5 TTH,  6”"
169,ORT  ARTHREX  KNEE ARTHROSCOPY  1NSTRUNENTS                                                7,"SCISSOR„   BANDAGE,  7.5""",Pilling 14-2240,1
170,ORT  ARTHREX  KNEE ARTHROSCOPY  1NSTRUNENTS                                                7,"SCISSOR,  NAYO  BEVELED,  BLADE, STR,  6.75""",Pilling 14-1312,1
171,ORT  ARTHREX  KNEE ARTHROSCOPY  1NSTRUNENTS                                                7,"NH, CRILE,  WOOD,  6.25”",Pilling 15-2780,2
172,ORT  ARTHREX  KNEE ARTHROSCOPY  1NSTRUNENTS                                                7,"PROBE,  HOOK,  3.4MM, TIP,  W/5MM  MARKINGS",Arthrex  AR-10010,2
173,ORT  ARTHREX  KNEE ARTHROSCOPY  1NSTRUNENTS                                                7,"MANDLE, KNIFE, #3",Pilling 352950,"MANDLE, KNIFE, #3"
174,ORT  ARTHREX  KNEE ARTHROSCOPY  1NSTRUNENTS                                                7,"FCP, TISSUE,  ADSON,  W/TEETH,  12.4CN, 4-7/8""",SSI 06-2590,1
175,ORT  ARTHREX  KNEE ARTHROSCOPY  1NSTRUNENTS                                                7,Subtotal for BOTTON,,Subtotal for BOTTON
176,ORT  ARTHREX  KNEE ARTHROSCOPY  1NSTRUNENTS                                                7,"RONGUER,  LOVE-GRUENWALD,  7""",Boss 57-2123,1
177,ORT  ARTHREX  KNEE ARTHROSCOPY  1NSTRUNENTS                                                7,Subtotal,,Subtotal
178,ORT  ARTHREX  KNEE ARTHROSCOPY  1NSTRUNENTS                                                7,Total,,Total
179,ORT  ARTHREX  KNEE ARTHROSCOPY  1NSTRUNENTS                                                7,Last Definition Rev.:,12/10/20 14  12:4S:36 PN,Last Definition Rev.:
180,ORT ART    Rex xNzE ARTHRosco 1NSTRUf4ENTS,(Room  #                                                                                                                                                                                                   ,,(Room  #                                                                                                                                                                                                   
181,ORT ART    Rex xNzE ARTHRosco 1NSTRUf4ENTS,ORT TRAY  AMPUTATION,,ORT TRAY  AMPUTATION                 ''
182,ORT ART    Rex xNzE ARTHRosco 1NSTRUf4ENTS,DESCRIPTION,CATALOG,DESCRIPTION
183,ORT TRAY  AMPUTATION                 '',btm of tray,,btm of tray
184,ORT TRAY  AMPUTATION                 '',"CURRETTE,  BRUNS,  #3,  OVAL",Pilling  34-3505,1
185,ORT TRAY  AMPUTATION                 '',"CLANP,  LANE,  BONE  HOLDING,  W/RATCHET,  10""",Zimmer  3125 56558100,1
186,ORT TRAY  AMPUTATION                 '',"CUTTING,  BONE, STILLE-LISTON,  LARGE,  STR,  11""",Pilling 34-1890,1
187,ORT TRAY  AMPUTATION                 '',"RONGUER,  MASTOID",Weck  588144,1
188,ORT TRAY  AMPUTATION                 '',"MALLET,  LARGE",Zimmer Z15502,"MALLET,  LARGE"
189,ORT TRAY  AMPUTATION                 '',"HOOK,  BONE,  HEXAGON,  HANDLE,  CVD",Richards  11-0472,"HOOK,  BONE,  HEXAGON,  HANDLE,  CVD"
190,ORT TRAY  AMPUTATION                 '',"RETRACTOR,  VOLKMANN,  4-PRONGS,  SHARP,  8.5""",Pilling  16-4404,2
191,ORT TRAY  AMPUTATION                 '',"RETRACTOR,  ARNY-NAW,  8.5""",Pilling 16-4715,2
192,ORT TRAY  AMPUTATION                 '',"RONGER, ADSON,  8“",Weck 588200,1
193,ORT TRAY  AMPUTATION                 '',"CLIPS,  ZINM,  LARGE",Zimmer  25702,2
194,ORT TRAY  AMPUTATION                 '',"RETRACTOR,  MEYERDING,  MEDIUM",Weck  484244,2
195,ORT TRAY  AMPUTATION                 '',"CLIPS,  ZINM,  SMALL",Zimmer 25703,2
196,ORT TRAY  AMPUTATION                 '',"CLANP,  FOERSTER,  SPONGE,  SERRATED,  STR,  9.5""",Pilling 12-1417,4
197,ORT TRAY  AMPUTATION                 '',Subtotal for  btm of tray,,Subtotal for  btm of tray
198,ORT TRAY  AMPUTATION                 '',ta},,ta}
199,ORT TRAY  AMPUTATION                 '',"HANDLE,  SAW,  GIGLI, T-GRIP",V MueMer MNL88O,"HANDLE,  SAW,  GIGLI, T-GRIP"
200,ORT TRAY  AMPUTATION                 '',Subtotal for  pp (a),,Subtotal for  pp (a)
201,ORT TRAY AMPUTATION,"ELEVATOR,  KEY,  . 5",Pilling 45-1063,1
202,ORT TRAY AMPUTATION,"HANDLE,  KNIFE, #3, SAFTY-LOCK,  4.5”",B-D 374030,2
203,ORT TRAY AMPUTATION,"ELEVATOR,  PERISTEAL,  LANGENBECK,  WIDE,  7.0""",Weck 586105,1
204,ORT TRAY AMPUTATION,"FILE, BONE,  NILLER-COLBURN,  18CN, 7""",KLS Nartin 23-491-01,1
205,ORT TRAY AMPUTATION,Subtotal for  roll,,Subtotal for  roll
206,ORT TRAY AMPUTATION,STRINGER,,STRINGER
207,ORT TRAY AMPUTATION,"CRILE,  HENOSTAT,  CVD,  5.5""",Pilling  18-2060,16
208,ORT TRAY AMPUTATION,"CLAI'4P,  ROCHESTER-PEAN,  CVD,  6.5""",Pilling 18-1830,10
209,ORT TRAY AMPUTATION,"ALLIS,  TISSUE,  4  X  5 TTH,  6""",Pilling 18-2860,4
210,ORT TRAY AMPUTATION,"CLAMP,  SCHNIDT,  TONSIL,  SERR,  CVD,  7.5""",Pilling 18-2390,2
211,ORT TRAY AMPUTATION,"CLANP,  ROCHESTER-NIXTER,  GALL  DUCT, CVD,  7.75""",V Mueller SU10502,2
212,ORT TRAY AMPUTATION,"NH, CRILE,  WOOD,  7""",Pilling 15-2782,4
213,ORT TRAY AMPUTATION,"CLAMP,  ROCHESTER OCHSNER,  KOCHER, STR,  8""",Pilling 18-2620,2
214,ORT TRAY AMPUTATION,"SCISSOR,  NAYO, CVD, 6.75""",Pilling 14-2225,1
215,ORT TRAY AMPUTATION,"SCISSOR,  NAYO, STR,  6.75""",Pilling 14-2227,1
216,ORT TRAY AMPUTATION,"SCISSOR,  NETZENBAUI'4",Weck 46-0871,2
217,ORT TRAY AMPUTATION,"SCISSOR,  LISTER,  BANDAGE,  7""",Pilling 14-2420,2
218,ORT TRAY AMPUTATION,"TOWEL  CLANP,  PENETRATING,  LARGE,  5.5""",Pilling  12-1600,4
219,ORT TRAY AMPUTATION,Subtotal for STRINGER,,50
220,ORT TRAY AMPUTATION,Total,,Total
221,GEN INTESTINAL  - VASCULAR                       ”,BTbf  PAN,,BTbf  PAN
222,GEN INTESTINAL  - VASCULAR                       ”,DEBAKEY TANG  OCC,Pilling 35-3668,2
223,GEN INTESTINAL  - VASCULAR                       ”,"CLANP,  BECK, AORTA, LAW, 2-5/8,  1OMMD, 8.25""",Pilling 35-4104,2
224,GEN INTESTINAL  - VASCULAR                       ”,"CLANP,  DEBAKEY, NULTI-PURPOSE,  #3, ANG, 90DEG, 9""",Pilling 35-3694,2
225,GEN INTESTINAL  - VASCULAR                       ”,"CLAMP, DEBAKEY,  NULT-PURPOSE,  #4, ANG, 90DEG,  11""",Pllling 35-3696,2
226,GEN INTESTINAL  - VASCULAR                       ”,"CLANP,  DEBAKEY, COARCTATION,  LONG, STR, 22.SCM",Pilling 35-3500,2
227,GEN INTESTINAL  - VASCULAR                       ”,Subtotal  for  BTN PAN,,Subtotal  for  BTN PAN
228,GEN INTESTINAL  - VASCULAR                       ”,"FILTER, STEAN",Aesculap  0,0
229,GEN INTESTINAL  - VASCULAR                       ”,Subtotal,,0
230,GEN INTESTINAL  - VASCULAR                       ”,Total,,10
231,Ccnsitrac,A) Stringer,,A) Stringer
232,Ccnsitrac,"CRILE,  HALSTED,  MOSQUITO,  CVD, 5""",Pilling  18-2310,5
233,Ccnsitrac,"FCP, MOSQUITO,  STR, 5""",V Mueller CH8606,1
234,Ccnsitrac,"FCP, ROCHEST-PEAN,  HENO, SERR, STR, 5.5",Pilling 18-1826,4
235,Ccnsitrac,"FCP, ALLIS, TISSUE,  6”",Pilling 18-2800,3
236,Ccnsitrac,"CRILE-WOOD  NEEDLE-HOLDER TUC,  7""",Konig MDS2416418,1
237,Ccnsitrac,"NH, PLASTIC,  DERF, 4. 75",V  Mueller NL3102,2
238,Ccnsitrac,"SCISSOR,  IRIS, TC, CVD, 4  1/2""",Pilling 144317,1
239,Ccnsitrac,"SCISSOR, STEVENS,  TENOTONY,  CVD,  BLUNT, 4.5""",Pilling 44-2515,1
240,Ccnsitrac,"SCISSOR,  NETZENBAUN,  CVD, 7""",Pilling 14-2204,1
241,Ccnsitrac,"SCISSOR,  NAYO, STR, 6.75""",Pilling  14-2227,1
242,Ccnsitrac,"SCISSOR,  LISTER,  BANDAGE",Pilling  13-2420,1
243,Ccnsitrac,"TOWEL CLAMP,  PENETRATING,  3.5""",Pilling  12-1605,4
244,Ccnsitrac,Subtotal for A) Stringer,,Subtotal for A) Stringer
245,Ccnsitrac,E) Small tray #2,,E) Small tray #2
246,Ccnsitrac,"NEEDLE,  BLUNT, #18, W/STYLET,  3""","Medline  BLUNT NEEDLE 3""W/  STYLET  #18",2
247,Ccnsitrac,"NEEDLE,  BLUNT, #20, W/STYLET,  3""","Medline BLUNT NEEDLE 3""W/  STYLET  #20",2
248,Ccnsitrac,"NEEDLE,  BLUNT,  #22, W/STYLET,  3""","Medline  BLUNT  NEEDLE '""W/  STYLET  #22",2
249,Ccnsitrac,"NEDDLE, BLUNT,  #24, W/STYLET,  3""","Medline BLUNT NEEDLE  3""W/ STYLET  #24","NEDDLE, BLUNT,  #24, W/STYLET,  3"""
250,Ccnsitrac,Subtotal  for  E}  Small tray  #2,,Subtotal  for  E}  Small tray  #2
251,Ccnsitrac,B) #1  Roll,,B) #1  Roll
252,Ccnsitrac,"HANDLE, KNIFE, #3, 5""",Pilling 35-2950,2
253,Ccnsitrac,"HANDLE,  ROUND, BEAVER, BLADE, SIZE, 7. 5CM",Pilling 45-6005,1
254,Ccnsitrac,"FCP, LUCAE-BAYONET,  DRESSING, TIP,  5.5""",Pilling 27-100,1
255,Ccnsitrac,Subtotal for  B) #1  Roll,,4
256,Ccnsitrac,C) Small Tray #1,,C) Small Tray #1
257,Ccnsitrac,"SUCTION, TUBE,  BARON, 3FR",Pilling 41-1700,"SUCTION, TUBE,  BARON, 3FR"
258,Ccnsitrac,"SUCTION,  TUBE,  BARON,  SFR",Pilling 41-1702,"SUCTION,  TUBE,  BARON,  SFR"
259,Ccnsitrac,"SUCTION, TUBE,  BARON,  7FR",Pilling 41-1704,"SUCTION, TUBE,  BARON,  7FR"
260,Ccnsitrac,Subtotal for C) Small Tray #1,,Subtotal for C) Small Tray #1
261,Ccnsitrac,E} Small tray #2,,E} Small tray #2
262,Ccnsitrac,"Clamps, Cut-off  Hoffman (Screw-type)",Unknown,1
263,ENT  EAR,Subtotal  for  E] Small tray  #2,,Subtotal  for  E] Small tray  #2
264,ENT  EAR,B) #1  Roll,,B) #1  Roll
265,ENT  EAR,"SPECULUN,  ENDURAL,  ANGLED",Pilling 29-480,2
266,ENT  EAR,"SUCTION,  FRAZIER, TUBE,  ANGLED,  #2,  8FR.",Pilling 16-2412,1
267,ENT  EAR,"SUCTION,  TUBE,  FRAZIER, ANGLED,  4”,  10FR.",Pilling 16-2414,1
268,ENT  EAR,Subtotal for  B) #1  Roll,,Subtotal for  B) #1  Roll
269,ENT  EAR,D] Btm of Tray,,D] Btm of Tray
270,ENT  EAR,"SPECULUM,  BOUCHERON,  EAR, ROUND,  #1",Pilling  25101,1
271,ENT  EAR,"SPECULUM,  BOUCHERON,  EAR, ROUND,  #2",Pilling  25102,1
272,ENT  EAR,"SPECULUN,  BOUCHERON,  EAR, ROUND,  #3",Pilling  25103,"SPECULUN,  BOUCHERON,  EAR, ROUND,  #3"
273,ENT  EAR,"SPECULUM,  FARRIER,  EAR, OVAL,  #5",Pilling  25164,1
274,ENT  EAR,"SPECULUN,  FARRIER,  OVAL,  EAR, #7",Pilling  25168,"SPECULUN,  FARRIER,  OVAL,  EAR, #7"
275,ENT  EAR,Subtotal for  D) Btm of Tray,,Subtotal for  D) Btm of Tray
276,ENT  EAR,B) #1  Roll,,B) #1  Roll
277,ENT  EAR,"RETRACTOR,  SENN,  3-PRONGS,  BLUNT,  6.25""",Pilling 16-4752,"RETRACTOR,  SENN,  3-PRONGS,  BLUNT,  6.25"""
278,ENT  EAR,Subtotal for B) #1  Roll,,Subtotal for B) #1  Roll
279,ENT  EAR,C) Small Tray  #1,,C) Small Tray  #1
280,ENT  EAR,"RETRACTOR,  BELLU-WULL,  2-PRONGS,  BLUNT,  LEFT, 5. 1""",Storz  N 1692-30,1
281,ENT  EAR,"RETRACTOR,  BELL-WULL,  2-PRONGS,  SHARP,  RGT,5.1""",Storz  N1692-31,1
282,ENT  EAR,Subtotal for C) Small Tray II,,Subtotal for C) Small Tray II
283,ENT  EAR,B) IIRoll,,B) IIRoll
284,ENT  EAR,"SUCTION, TUBE,  ADSON,  CVD,  7NN,  7.25”",PilMng 53-6100,1
285,ENT  EAR,Subtotal for B) #1  Roll,,Subtotal for B) #1  Roll
286,ENT  EAR,C) #1  Roll,,C) #1  Roll
287,ENT  EAR,"OR/ENT  ELEV, SUCT,  GORNEY,  SEPTUN,  8  1/2""",SSI 63-7570,1
288,ENT  EAR,Subtotal for C) #1  Roll,,Subtotal for C) #1  Roll
289,ENT  EAR,D] Btm of Tray,,D] Btm of Tray
290,ENT  EAR,Anchor  Hooking  Box,,1
291,ENT  EAR,Subtotal for  D) Btm of Tray,,Subtotal for  D) Btm of Tray
292,ENT  EAR,D) Btm of Tray 0,,D) Btm of Tray 0
293,ENT  EAR,"ELEVATOR,  PERIOSTEAL,  JOSEPH,  6.5 4. 5MM,  WIDE,  BLD",Jarit  400-281,"ELEVATOR,  PERIOSTEAL,  JOSEPH,  6.5 4. 5MM,  WIDE,  BLD"
294,ENT  EAR,Subtotal for  D) Btm of Tray  0,,Subtotal for  D) Btm of Tray  0
295,ENT  EAR,D) Btm of Tray,,D) Btm of Tray
296,ENT  EAR,"ELEVATOR,  PERISTEAL,  LANGENBECK,  WIDE,  7.0""",Weck  586105,1
297,ENT  EAR,ENT EAR,,ENT EAR
298,ENT  EAR,6541$,,6541$
299,ENT  EAR,DESCRIPTION,CATALOG,DESCRIPTION
300,6541$,"CLANP,  FOERSTER,  SPONGE,  SERRATED,  STR,  9.5”",Pilling  12-1417,2
301,6541$,Subtotal for  D) Btm of Tray,,Subtotal for  D) Btm of Tray
302,6541$,D] Btm of Tray  0,,D] Btm of Tray  0
303,6541$,"ELEVATOR, PERIOSTEAL, JOSEPH",Weck  053120,1
304,6541$,Subtotal for  D) Btm of Tray 0,,Subtotal for  D) Btm of Tray 0
305,6541$,D) Btm of Tray,,D) Btm of Tray
306,6541$,"RETRACTOR,  WEITLANER,  PAPARELLA,  2 TOOTH,  CVD",Pilling 41-1806,2
307,6541$,"RONGUER,  BONE, CANAL,  LENPERT,  STR,  6.5",Weck 28101,"RONGUER,  BONE, CANAL,  LENPERT,  STR,  6.5"
308,6541$,"CLIP,  ZINNER,  LARGE",Zimmer  5702,2
309,6541$,"CLIP,  ZfNNER,  SNALL",Zimmer  5703,"CLIP,  ZfNNER,  SNALL"
310,6541$,WEITHLANDER,Pilling 16-5362,2
311,6541$,"RETRACTOR,  WEITHELANDER,  BLUNT  5.5""",Pilling 21-9513,2
312,6541$,"SHEENY,  FASCIA  PRESS,  23MNx31 NPI  PLATE,  7-1/2""",Boss 90-4400,1
313,6541$,"CRUSHER,  FASCIA, SNALL",Karl Storz N 1685-PI (S),"CRUSHER,  FASCIA, SNALL"
314,6541$,"NH, OLSEN-HEGAR,  CONBIN,  NH/SCISSOR,  STR,  5.5”",SSI 32-160,2
315,6541$,HOUSE CUT  OFF ADAPTER,Konig MDS0385230,2
316,6541$,"FCP, SILVERGLIDE,  BIPOLAR,  10.cm SF Jewelers,  0.4MN TIP",Striker 6715-100-004,1
317,6541$,Subtotal for  D) Btm of Tray,,Subtotal for  D) Btm of Tray
318,6541$,C) Small Tray  #1,,C) Small Tray  #1
319,6541$,OR/ENT  BIPOLAR  FORCEPS,,1
320,6541$,"KNIFE, JOSEPH",Karl Storz 493800,1
321,6541$,"HOOK,  SKIN,  DOUBLE,  SHARP,  10NN",Karl Storz 499210,2
322,6541$,"HOOK,  SKIN,  DOUBLE,  SHARP,  5I'•IN",Karl Storz 499205,2
323,6541$,"HOOK,  SKIN,  DOUBLE, SHARP,  2MF'I",Karl Storz 499202,2
324,6541$,"HOOK,  SKIN,  SINGLE",Karl Storz 499201,2
325,6541$,"HOOK,  SKIN,  DOUBLE,  SHARP,  7NN",Karl Storz 499207,"HOOK,  SKIN,  DOUBLE,  SHARP,  7NN"
326,6541$,"FORCEP,  ADSON,  BROWN",Karl Storz  533212,"FORCEP,  ADSON,  BROWN"
327,6541$,"FCP, ADSON  TISSUE  WITH  TEETH",Karl Storz  5331 12,1
328,6541$,"FCP, ADSON,  SNOOTH",Karl Storz  533012,1
329,6541$,Subtotal for C) Small Tray  #1,,Subtotal for C) Small Tray  #1
330,6541$,"FILTER, STEAM",Aesculap  0,0
331,6541$,Subtotal,,0
332,6541$,Total,,99
333,6541$,lLast Definition  Rev.:,,lLast Definition  Rev.:
334,6541$,NCGLOTHLINR,,NCGLOTHLINR
335,6541$,12/22/20 15 1:59:23 PN,,12/22/20 15 1:59:23 PN
336,6541$,CS                                                                                                                                                                                                                   ,,CS                                                                                                                                                                                                                   
337,6541$,Ct:fluff Inc,,Ct:fluff Inc
338,6541$,DESCRIPTION,,DESCRIPTION
339,Ct:fluff Inc,Printed Scrub Circulator Room  #,,Printed Scrub Circulator Room  #
340,Ct:fluff Inc,MCGLOTHLINR,,MCGLOTHLINR
341,Ct:fluff Inc,ENT EAR,,ENT EAR
342,Ct:fluff Inc,CATALOG,,CATALOG
343,Ct:fluff Inc,CNT1      CNT2,,CNT1      CNT2
344,Ct:fluff Inc,3/8  20 17 4: 14:47  PN,,3/8  20 17 4: 14:47  PN
345,Ct:fluff Inc,•:'::•,,•:'::•
346,Ct:fluff Inc,Genéftrac,,Genéftrac
347,Ct:fluff Inc,Commentsi,,Commentsi
348,Ct:fluff Inc,COLOR CODE:  BLUE.,,COLOR CODE:  BLUE.
349,Ct:fluff Inc,VAS TRAY  PIINOR VASCULAR          2  4   o c    '-(,,VAS TRAY  PIINOR VASCULAR          2  4   o c    '-(
350,Ct:fluff Inc,DESCR1PT1ON,CATALOG,DESCR1PT1ON
351,Ct:fluff Inc,A) Strlngar,,A) Strlngar
352,Ct:fluff Inc,"CLAMP,  GREGORY,  PROFUNDA,  FINE, SML,  14.8CN",Pilling  35-3494,4
353,Ct:fluff Inc,"CLAMPS, IMPRA, CUSTOM, 1-RATCHET",Pilling 60-3476,4
354,Ct:fluff Inc,"MULTI-PURPOSE  CLAMP, ANGLE  DEBAKEY  CLANP",Pilling 35-4446,2
355,Ct:fluff Inc,"NULTI-PURPOSE  CLAMP,  ANGLE  DEBAKEY CLANP",Pilling 35-3535,4
356,Ct:fluff Inc,"CLEVELAND  CLANP,  BABY RENAL CLANP",Pilling 35-3533,"CLEVELAND  CLANP,  BABY RENAL CLANP"
357,Ct:fluff Inc,"CLEVELAND  CLANP,  BABY RENAL CLANP",Pilling 35-3534,1
358,Ct:fluff Inc,"CLAMP,  ANASTOMOSIS,  EXTRA,  FINE,  18CN",Pilling 35-4125,2
359,Ct:fluff Inc,"CLANP,  ATRANATIC,  #1,  30NN, JAW",Applied  Ned A-3201,2
360,Ct:fluff Inc,"CLAMP,  ""C” CURVE,  7.5""",Pilling 35-2560,1
361,Ct:fluff Inc,"DEBAKEY  ""C"" CLAMP,  9 3/8""",Pilling 34-2562,1
362,Ct:fluff Inc,"FCP, BOZEMAN,  UTERINE,  DRESSING,  10.5"", CL/GYN",Pilling 21-2505,1
363,Ct:fluff Inc,"CLAMP,  HORIZON,  SNALL,  RED",Weck  137082,2
364,Ct:fluff Inc,"CLANP,  HORIZON,  MEDIUN  (BLUE)",Weck 237081,2
365,Ct:fluff Inc,"CLANP, JAVID, CAROTID,  LARGE",Boss 65-7055,1
366,Ct:fluff Inc,"CLAMP, JAVID, CAROTID, SMALL",Boss 65-7056,1
367,Ct:fluff Inc,Subtotal for A) Stringer,,Subtotal for A) Stringer
368,Ct:fluff Inc,B] STRINGER,,B] STRINGER
369,Ct:fluff Inc,"CLANP,'MOSQUITO,  DELICATE, CVD, 4.5""",Snowden 88-0309,2
370,Ct:fluff Inc,"CRILE,  HALSTED, MOSQUITO,  CVD, 5”",Pilling 18-2310,6
371,Ct:fluff Inc,"CLANP,  HALSTED,  MOSQUITO,  HENOSTAT,  STR, 5""",Pilling  18-2300,6
372,Ct:fluff Inc,"CRILE, HEMOSTAT, CVD, 5.5""",Pilling 18-2060,6
373,Ct:fluff Inc,"CLAMP,  ROCHESTER-PEAN,  CVD, 6.25”",Pilling 18-2445,2
374,Ct:fluff Inc,"FCP, BABCOCK, TISSUE,  STANDARD,  6.25”",Pilling  18-3010,2
375,Ct:fluff Inc,"CLAMP, ALLIS, INTEST, TISSUE, 4X S TTH, 6”",Pilling 18-2850,4
376,Ct:fluff Inc,"CLANP,  ROCHESTER  OCHSNER,  KOCHER,  CVD  7.25""",Pilling 18-2665,2
377,Ct:fluff Inc,"CLAMP,  GENINI,  5.5""",SSI 54-7275,2
378,Ct:fluff Inc,"FCP, ADSON,  HEMO,  CURVED  7.25""",Weck 477191,2
379,Ct:fluff Inc,"FCP, GEMINI, THORACIC,  CVD, JAW,  7. 25""",Pilling 35-5800,2
380,Ct:fluff Inc,"CLAMP, TONSIL,  CVD,  7""",Pilling 18-2370,"CLAMP, TONSIL,  CVD,  7"""
381,Ct:fluff Inc,"CLAMP,  LAHEY, GALL  DUCT,  LONGITUDE  SERR,  7.75""",Pilling 17-2530,2
382,Ct:fluff Inc,"NH,  PILLING,  EXTRA,  LIGHT, 6""",Pilling 35-4981,2
383,Ct:fluff Inc,"NH, PILLING, THIN,  SLENDER,  VASCULAR,  7""",Pilling 35-4961,2
384,Ct:fluff Inc,"NH, DEBAKEY,  CARDIOVASCULAR,  7""",Pilling 35-4900,2
385,Ct:fluff Inc,"NH, NAYO,  HEGAR,  7.5""",Pilling 15-2722,2
386,Ct:fluff Inc,DIETHRICH-POTTS,Pilling 35-2147,1
387,Ct:fluff Inc,.„ ....,,.„ ....
388,Ct:fluff Inc,Censitrac                            VAS TRAY  fd1NOR VASCULAR,,Censitrac                            VAS TRAY  fd1NOR VASCULAR
389,Ct:fluff Inc,DESCRIPTION,CATALOG,DESCRIPTION
390,Censitrac                            VAS TRAY  fd1NOR VASCULAR,"SCISSOR,  POTTS  SNITH,  45DEG,  7.25""",Pilling 35-2152,"SCISSOR,  POTTS  SNITH,  45DEG,  7.25"""
391,Censitrac                            VAS TRAY  fd1NOR VASCULAR,DEBAKEY  ENDARTECTOMY  SCISSORS,Pilling 35-2180,1
392,Censitrac                            VAS TRAY  fd1NOR VASCULAR,"SCISSOR,  METZENBAUM,  CVD,  7""",Pilling 14-2204,"SCISSOR,  METZENBAUM,  CVD,  7"""
393,Censitrac                            VAS TRAY  fd1NOR VASCULAR,"SCISSOR,  NAYO, CVD, 6.75”",Pilling 14-2225,"SCISSOR,  NAYO, CVD, 6.75”"
394,Censitrac                            VAS TRAY  fd1NOR VASCULAR,"SCISSOR,  NAYO, STR,  6.75”",Pilling 14-2227,1
395,Censitrac                            VAS TRAY  fd1NOR VASCULAR,"SCISSOR,  LISTER,  BANDAGE,  7""",Pilling 14-2420,"SCISSOR,  LISTER,  BANDAGE,  7"""
396,Censitrac                            VAS TRAY  fd1NOR VASCULAR,"CLANP,  FOERSTER,  SPONGE,  SERRATED,  STR,  9.5""",Pilling 12-1417,2
397,Censitrac                            VAS TRAY  fd1NOR VASCULAR,Subtotal for  B) STRINGER,,Subtotal for  B) STRINGER
398,Censitrac                            VAS TRAY  fd1NOR VASCULAR,C) Roll,,C) Roll
399,Censitrac                            VAS TRAY  fd1NOR VASCULAR,"HANDLE,  KNIFE,  #7",Pilling 35-2957,1
400,Censitrac                            VAS TRAY  fd1NOR VASCULAR,Subtotal for C) Roll,,Subtotal for C) Roll
401,Censitrac                            VAS TRAY  fd1NOR VASCULAR,C) Roll 0,,C) Roll 0
402,Censitrac                            VAS TRAY  fd1NOR VASCULAR,"HANDLE,  KNIFE,  #3",Bard- Parker B-D374030,"HANDLE,  KNIFE,  #3"
403,Censitrac                            VAS TRAY  fd1NOR VASCULAR,Subtotal for C) Roll 0,,Subtotal for C) Roll 0
404,Censitrac                            VAS TRAY  fd1NOR VASCULAR,C) Roll,,C) Roll
405,Censitrac                            VAS TRAY  fd1NOR VASCULAR,"HOOK,  DANDY,  NERVE,  STRAIGHT,  9""",Pilling 18-5714,1
406,Censitrac                            VAS TRAY  fd1NOR VASCULAR,"ELEVATOR,  FREER,  DOUBLE,  END,  BLUNT,  7""",Pilling 35-5194,1
407,Censitrac                            VAS TRAY  fd1NOR VASCULAR,RUNEL STYLET,Weck 40-340,1
408,Censitrac                            VAS TRAY  fd1NOR VASCULAR,"FCP, GERALD, TISSUE,  w/o tth  7""",Pilling 35-1900,2
409,Censitrac                            VAS TRAY  fd1NOR VASCULAR,Subtotal for C) Roll,,Subtotal for C) Roll
410,Censitrac                            VAS TRAY  fd1NOR VASCULAR,C) Roll 0,,C) Roll 0
411,Censitrac                            VAS TRAY  fd1NOR VASCULAR,"FCP, ADSON,  TISSUE,  W/TEETH,  4.75""",Pilling 18-1223,"FCP, ADSON,  TISSUE,  W/TEETH,  4.75"""
412,Censitrac                            VAS TRAY  fd1NOR VASCULAR,Subtotal for C) Roll 0,,Subtotal for C) Roll 0
413,Censitrac                            VAS TRAY  fd1NOR VASCULAR,C) Roll,,C) Roll
414,Censitrac                            VAS TRAY  fd1NOR VASCULAR,"FCP,  DEBAKEY, TISSUE,  ATRAUGRIP,  VASC,  STR,  7.75""",Pilling 35-1802,4
415,Censitrac                            VAS TRAY  fd1NOR VASCULAR,"NH, STRAIGHT,  CASTRO,  W/LOCK,  18.SCM, TC,  7 3/8""",Pilling 35-7667,1
416,Censitrac                            VAS TRAY  fd1NOR VASCULAR,"FINE TOUCH  FLAT HNDL DEL JAWS  W/O  LOCK  7  1/4""",Boss 65-5066,1
417,Censitrac                            VAS TRAY  fd1NOR VASCULAR,"NH, CASTRO,  DIANAGRIP,  W/LOCK,  STR,  8""",Pilling 35-4965,1
418,Censitrac                            VAS TRAY  fd1NOR VASCULAR,Subtotal for C) Roll,,Subtotal for C) Roll
419,Censitrac                            VAS TRAY  fd1NOR VASCULAR,D}  Btm of Tray,,D}  Btm of Tray
420,Censitrac                            VAS TRAY  fd1NOR VASCULAR,"RET, WEITLANER,  W/HINGED  ARMS,  BLUNT, 6  1/2""",Boss 18-3076,1
421,Censitrac                            VAS TRAY  fd1NOR VASCULAR,WEITHLANDER,Pilling 16-5362,4
422,Censitrac                            VAS TRAY  fd1NOR VASCULAR,"RETRACTOR,  CUSHING,  NERVE, 8-3/8”",Pilling 16-4865,2
423,Censitrac                            VAS TRAY  fd1NOR VASCULAR,"RETRACTOR,  HENLY, CENTER,  BLADES, 6. 5”",Pilling 35-1779,1
424,Censitrac                            VAS TRAY  fd1NOR VASCULAR,"RETRACTOR,  HENLEY, W/CENTER  BLADES,  SNALL,",Pilling 35-1779 SM  BL,1
425,Censitrac                            VAS TRAY  fd1NOR VASCULAR,-t1'-,,-t1'-
426,Censitrac                            VAS TRAY  fd1NOR VASCULAR,Censitrac                            VAS  TRAY  MINOR VASCULAR,,Censitrac                            VAS  TRAY  MINOR VASCULAR
427,Censitrac                            VAS TRAY  fd1NOR VASCULAR,DESCRIPTION,CATALOG,DESCRIPTION
428,Censitrac                            VAS  TRAY  MINOR VASCULAR,"RETRACTOR,  HENLEY,  W/CENTER  BLADES,  PIEDIUN",Pilling  35-1779  NED BL,1
429,Censitrac                            VAS  TRAY  MINOR VASCULAR,Subtotal for  D) Btm of Tray,,10
430,Censitrac                            VAS  TRAY  MINOR VASCULAR,D) Btm of Tray 0,,D) Btm of Tray 0
431,Censitrac                            VAS  TRAY  MINOR VASCULAR,"RETRACTOR,  HENLY,  W/CENTER  BLADES,  LARGE",Pilling  35-1779  LG BL,1
432,Censitrac                            VAS  TRAY  MINOR VASCULAR,Subtotal for  D) Btm of Tray  0,,Subtotal for  D) Btm of Tray  0
433,Censitrac                            VAS  TRAY  MINOR VASCULAR,D) Btm of Tray,,D) Btm of Tray
434,Censitrac                            VAS  TRAY  MINOR VASCULAR,"PEDIATRIC  SUCTION,  ANDREW",Pilling  16-2310,"PEDIATRIC  SUCTION,  ANDREW"
435,Censitrac                            VAS  TRAY  MINOR VASCULAR,Subtotal for  D) Btm of Tray,,Subtotal for  D) Btm of Tray
436,Censitrac                            VAS  TRAY  MINOR VASCULAR,D} Btm of Tray 0,,D} Btm of Tray 0
437,Censitrac                            VAS  TRAY  MINOR VASCULAR,"RETRACTOR,  OCHSNER,  MALL,  RIBBON,  2.5CN X  33CN",Pilling  16-4164,"RETRACTOR,  OCHSNER,  MALL,  RIBBON,  2.5CN X  33CN"
438,Censitrac                            VAS  TRAY  MINOR VASCULAR,Subtotal for  D) Btm of Tray  0,,Subtotal for  D) Btm of Tray  0
439,Censitrac                            VAS  TRAY  MINOR VASCULAR,D) Btm of Tray  o06.1,,D) Btm of Tray  o06.1
440,Censitrac                            VAS  TRAY  MINOR VASCULAR,"RETRACTOR,  ARNY-NAW,  8.5""",Pilling  16-4715,2
441,Censitrac                            VAS  TRAY  MINOR VASCULAR,"RETRACTOR,  RICHARDSON,  SI'4ALL",Pilling  16-4550,"RETRACTOR,  RICHARDSON,  SI'4ALL"
442,Censitrac                            VAS  TRAY  MINOR VASCULAR,"RETRACTOR,  RICHARDSON,  LARGE",Pilling  16-4850,"RETRACTOR,  RICHARDSON,  LARGE"
443,Censitrac                            VAS  TRAY  MINOR VASCULAR,"CLIP,  ZINMER,  LARGE",Zimmer  5702,2
444,Censitrac                            VAS  TRAY  MINOR VASCULAR,"CLIP,  ZINNER,  SMALL",Zimmer  5703,"CLIP,  ZINNER,  SMALL"
445,Censitrac                            VAS  TRAY  MINOR VASCULAR,Subtotal for  D) Btm of Tray  006.1,,10
446,Censitrac                            VAS  TRAY  MINOR VASCULAR,D) Btm of Tray,,D) Btm of Tray
447,Censitrac                            VAS  TRAY  MINOR VASCULAR,SNALL  CASE,Pilling 08-7702,1
448,Censitrac                            VAS  TRAY  MINOR VASCULAR,Subtotal for  D) Btm of Tray,,Subtotal for  D) Btm of Tray
449,Censitrac                            VAS  TRAY  MINOR VASCULAR,E} IN St•tALL CASE,,E} IN St•tALL CASE
450,Censitrac                            VAS  TRAY  MINOR VASCULAR,"WEBSTER  INFUSION  CANNULA  CURVED  8GA  2-3/8""",V  Mueller HY12155,1
451,Censitrac                            VAS  TRAY  MINOR VASCULAR,DIETHRICH  BULLDOG CLANP,Pilling 35-3154,2
452,Censitrac                            VAS  TRAY  MINOR VASCULAR,"CLANP,  BULLDOG,  STRAIGHT,  12NN",Pilling 35-3151,2
453,Censitrac                            VAS  TRAY  MINOR VASCULAR,Subtotal for  E] IN SPIALL CASE,,Subtotal for  E] IN SPIALL CASE
454,Censitrac                            VAS  TRAY  MINOR VASCULAR,Total,,Total
455,ORT  TRAY  LAblBOTTE  OSTEOTOPIE,"OSTEOTONE,  LANBOTTE,  STR,  WIDTH,  .25""",Pilling 45-1041,1
456,ORT  TRAY  LAblBOTTE  OSTEOTOPIE,"OSTEOTONE,  LANBOTTE,  STR,  WIDTH,  .5""",Pilling 45-1042,1
457,ORT  TRAY  LAblBOTTE  OSTEOTOPIE,"OSTEOTOME,  LANBOTTE, STR,  WIDTH,  .75",Pilling 45-1043,1
458,ORT  TRAY  LAblBOTTE  OSTEOTOPIE,"OSTEOTONE,  LAMBOTTE,  STR,  WIDTH,  1""",Pilling 45-1044,1
459,ORT  TRAY  LAblBOTTE  OSTEOTOPIE,"OSTEOTONE,  LAMBOTTE,  STR,  WIDTH,  1.25""",Pilling 45-1045,"OSTEOTONE,  LAMBOTTE,  STR,  WIDTH,  1.25"""
460,ORT  TRAY  LAblBOTTE  OSTEOTOPIE,"OSTEOTONE,  LAMBOTTE,  STR,  WIDTH,  1.5”",Pilling 45-1046,1
461,ORT  TRAY  LAblBOTTE  OSTEOTOPIE,"OSTEOTONE,  LANBOTTE,  CVD,  WIDTH,  .25""",Pilling 45-1051,1
462,ORT  TRAY  LAblBOTTE  OSTEOTOPIE,"OSTEOTONE,  LANBOTTE,  CVD,  WIDTH,  .5""",Pilling 45-1052,1
463,ORT  TRAY  LAblBOTTE  OSTEOTOPIE,"OSTEOTONE,  LANBOTTE,  CVD,  WIDTH,  .75""",Pilling 45-1053,"OSTEOTONE,  LANBOTTE,  CVD,  WIDTH,  .75"""
464,ORT  TRAY  LAblBOTTE  OSTEOTOPIE,"OSTEOTONE,  LAMBOTTE,  CVD,  WIDTH,  1""",Pilling 45-1054,"OSTEOTONE,  LAMBOTTE,  CVD,  WIDTH,  1"""
465,ORT  TRAY  LAblBOTTE  OSTEOTOPIE,"OSTEOTONE,  LANBOTTE,  CVD,  WIDTH,  1.25""",Pilling 45-1055,"OSTEOTONE,  LANBOTTE,  CVD,  WIDTH,  1.25"""
466,ORT  TRAY  LAblBOTTE  OSTEOTOPIE,"OSTEOTONE,  LANBOTTE,  CVD,  WIDTH,  1.5”",Pilling 45-1056,1
467,ORT  TRAY  LAblBOTTE  OSTEOTOPIE,Total,,Total
468,COOR CODE:  PURPLE/WHITE  STRIPES  & PURPLE.  LONG INSTRUMENTS AND  DEEP PELVIC SETS ARE  COMBINED.,STRINGER,,STRINGER
469,COOR CODE:  PURPLE/WHITE  STRIPES  & PURPLE.  LONG INSTRUMENTS AND  DEEP PELVIC SETS ARE  COMBINED.,"SCISSOR,  NETZENBAUN,  CVD,  10.25""",Pilling 46-2110,1
470,COOR CODE:  PURPLE/WHITE  STRIPES  & PURPLE.  LONG INSTRUMENTS AND  DEEP PELVIC SETS ARE  COMBINED.,"FCP, TISSUE,  ALLIS,  5X6, TEETH,  10”",SSI 50-0224,"FCP, TISSUE,  ALLIS,  5X6, TEETH,  10”"
471,COOR CODE:  PURPLE/WHITE  STRIPES  & PURPLE.  LONG INSTRUMENTS AND  DEEP PELVIC SETS ARE  COMBINED.,"FCP, OCHSNER,  KOCHER,  HENOSTAT,  SERR,  CVD,  10.25""",Pilling 47-6275,2
472,COOR CODE:  PURPLE/WHITE  STRIPES  & PURPLE.  LONG INSTRUMENTS AND  DEEP PELVIC SETS ARE  COMBINED.,"FCP,  BABCOCK, TISSUE,  9.5""",Pilling 34-2726,4
473,COOR CODE:  PURPLE/WHITE  STRIPES  & PURPLE.  LONG INSTRUMENTS AND  DEEP PELVIC SETS ARE  COMBINED.,"FCP,  NAYO,  PEAN,  HENOSTAT,  CVD,  SERR,  10.5""",Pilling 47-6175,4
474,COOR CODE:  PURPLE/WHITE  STRIPES  & PURPLE.  LONG INSTRUMENTS AND  DEEP PELVIC SETS ARE  COMBINED.,"NH,  MAYO,  HEGAR,  NARROW,  1 1.75""",Pilling 51-0140,4
475,COOR CODE:  PURPLE/WHITE  STRIPES  & PURPLE.  LONG INSTRUMENTS AND  DEEP PELVIC SETS ARE  COMBINED.,"FCP,  LAWRENCE,  HENOSTAT,  SERR,  CVD,  10.75”",Pilling 50-4171,4
476,COOR CODE:  PURPLE/WHITE  STRIPES  & PURPLE.  LONG INSTRUMENTS AND  DEEP PELVIC SETS ARE  COMBINED.,"FCP,  NIXTER, SERR,  11.25""",Pilling 47-7093,2
477,COOR CODE:  PURPLE/WHITE  STRIPES  & PURPLE.  LONG INSTRUMENTS AND  DEEP PELVIC SETS ARE  COMBINED.,"FCP,  NOYNIHAN,  GALL,  DUCT,  21. ICM",Pilling  17-2565,2
478,COOR CODE:  PURPLE/WHITE  STRIPES  & PURPLE.  LONG INSTRUMENTS AND  DEEP PELVIC SETS ARE  COMBINED.,"FORCEP, GEMINI,  9""",Pilling 34-2597,2
479,COOR CODE:  PURPLE/WHITE  STRIPES  & PURPLE.  LONG INSTRUMENTS AND  DEEP PELVIC SETS ARE  COMBINED.,Subtotal for STRONGER,,Subtotal for STRONGER
480,COOR CODE:  PURPLE/WHITE  STRIPES  & PURPLE.  LONG INSTRUMENTS AND  DEEP PELVIC SETS ARE  COMBINED.,Btm of tray,,Btm of tray
481,COOR CODE:  PURPLE/WHITE  STRIPES  & PURPLE.  LONG INSTRUMENTS AND  DEEP PELVIC SETS ARE  COMBINED.,"RETRACTOR,  CUSHING,  NERVE,  VEIN,  21.SCN",Pilling 48-1231,"RETRACTOR,  CUSHING,  NERVE,  VEIN,  21.SCN"
482,COOR CODE:  PURPLE/WHITE  STRIPES  & PURPLE.  LONG INSTRUMENTS AND  DEEP PELVIC SETS ARE  COMBINED.,"FCP,  DEBAKEY, TISSUE,  ATRAUGRIP,  VASC,  STR,  12""",Pilling 35-1808,2
483,COOR CODE:  PURPLE/WHITE  STRIPES  & PURPLE.  LONG INSTRUMENTS AND  DEEP PELVIC SETS ARE  COMBINED.,Subtotal  for  Btm of tray,,Subtotal  for  Btm of tray
484,COOR CODE:  PURPLE/WHITE  STRIPES  & PURPLE.  LONG INSTRUMENTS AND  DEEP PELVIC SETS ARE  COMBINED.,"FILTER, STEAN",Aesculap  0,1
485,COOR CODE:  PURPLE/WHITE  STRIPES  & PURPLE.  LONG INSTRUMENTS AND  DEEP PELVIC SETS ARE  COMBINED.,Subtotal,,Subtotal
486,COOR CODE:  PURPLE/WHITE  STRIPES  & PURPLE.  LONG INSTRUMENTS AND  DEEP PELVIC SETS ARE  COMBINED.,Total,,Total
487,ENT  NASAL ANESTHESIA,I'4etaI  Emesis  Basin,Supply  Netal  Emesis  Basin,1
488,ENT  NASAL ANESTHESIA,Subtotal,,Subtotal
489,ENT  NASAL ANESTHESIA,BTb'l  OF BASIN,,BTb'l  OF BASIN
490,ENT  NASAL ANESTHESIA,"SPECULU N,  VIENNA,  NASAL,  #1,  SNALL,  5-1/8""",Piling 43-1110,1
491,ENT  NASAL ANESTHESIA,"FCP,  CUSHING,  BAY,  SERR,  7.25",Piling 18-1420,"FCP,  CUSHING,  BAY,  SERR,  7.25"
492,ENT  NASAL ANESTHESIA,Subtotal  for BTPI  OF  BASIN,,Subtotal  for BTPI  OF  BASIN
493,ENT  NASAL ANESTHESIA,"FILTER,  STEAN",Aesculap  0,0
494,ENT  NASAL ANESTHESIA,Subtotal,,0
495,ENT  NASAL ANESTHESIA,Total,,Total
496,"1) ASSEMBLY:  PLACE ALL  DELICATE/SHARP  INSTRUMENTS  INTO SECTIONS  OF THE  NULTI-POUCH.  2)  PACKING MATERIAL:  FORCEPS, SCISSORS,  NEEDLE  HOLDERS,  ETC.  3)  PLACE  REMAINDER  OF INSTRUMENTS  INTO INDIVIDUAL  PEEL PACKS. 4)  FTNAL  FLUSH ALL  CANNULAE  WITH  STERILE  WATER.",A) Stringer,,A) Stringer
497,"1) ASSEMBLY:  PLACE ALL  DELICATE/SHARP  INSTRUMENTS  INTO SECTIONS  OF THE  NULTI-POUCH.  2)  PACKING MATERIAL:  FORCEPS, SCISSORS,  NEEDLE  HOLDERS,  ETC.  3)  PLACE  REMAINDER  OF INSTRUMENTS  INTO INDIVIDUAL  PEEL PACKS. 4)  FTNAL  FLUSH ALL  CANNULAE  WITH  STERILE  WATER.","FCP, HARTMAN, CVD, HEOMOS, MOSQUITO, SERR, 3.9""",Storz E3916,4
498,"1) ASSEMBLY:  PLACE ALL  DELICATE/SHARP  INSTRUMENTS  INTO SECTIONS  OF THE  NULTI-POUCH.  2)  PACKING MATERIAL:  FORCEPS, SCISSORS,  NEEDLE  HOLDERS,  ETC.  3)  PLACE  REMAINDER  OF INSTRUMENTS  INTO INDIVIDUAL  PEEL PACKS. 4)  FTNAL  FLUSH ALL  CANNULAE  WITH  STERILE  WATER.","CRILE,  HALSTED,  MOSQUITO,  CVD, 5""",Pilling  18-2310,"CRILE,  HALSTED,  MOSQUITO,  CVD, 5"""
499,"1) ASSEMBLY:  PLACE ALL  DELICATE/SHARP  INSTRUMENTS  INTO SECTIONS  OF THE  NULTI-POUCH.  2)  PACKING MATERIAL:  FORCEPS, SCISSORS,  NEEDLE  HOLDERS,  ETC.  3)  PLACE  REMAINDER  OF INSTRUMENTS  INTO INDIVIDUAL  PEEL PACKS. 4)  FTNAL  FLUSH ALL  CANNULAE  WITH  STERILE  WATER.","CLAMP,  HALSTED,  MOSQUITO,  HENOSTAT,  STR, 5""",Pilling  18-2300,2
500,"1) ASSEMBLY:  PLACE ALL  DELICATE/SHARP  INSTRUMENTS  INTO SECTIONS  OF THE  NULTI-POUCH.  2)  PACKING MATERIAL:  FORCEPS, SCISSORS,  NEEDLE  HOLDERS,  ETC.  3)  PLACE  REMAINDER  OF INSTRUMENTS  INTO INDIVIDUAL  PEEL PACKS. 4)  FTNAL  FLUSH ALL  CANNULAE  WITH  STERILE  WATER.","ALLIS, TISSUE, 4 X  5 TTH, 6""",Pilling  18-2860,"ALLIS, TISSUE, 4 X  5 TTH, 6"""
501,"1) ASSEMBLY:  PLACE ALL  DELICATE/SHARP  INSTRUMENTS  INTO SECTIONS  OF THE  NULTI-POUCH.  2)  PACKING MATERIAL:  FORCEPS, SCISSORS,  NEEDLE  HOLDERS,  ETC.  3)  PLACE  REMAINDER  OF INSTRUMENTS  INTO INDIVIDUAL  PEEL PACKS. 4)  FTNAL  FLUSH ALL  CANNULAE  WITH  STERILE  WATER.","NH, WEBSTER,  4.5”, CL/EYE",Pilling 15-2808,"NH, WEBSTER,  4.5”, CL/EYE"
502,"1) ASSEMBLY:  PLACE ALL  DELICATE/SHARP  INSTRUMENTS  INTO SECTIONS  OF THE  NULTI-POUCH.  2)  PACKING MATERIAL:  FORCEPS, SCISSORS,  NEEDLE  HOLDERS,  ETC.  3)  PLACE  REMAINDER  OF INSTRUMENTS  INTO INDIVIDUAL  PEEL PACKS. 4)  FTNAL  FLUSH ALL  CANNULAE  WITH  STERILE  WATER.","SCISSOR, STEVENS TENOTONY,  CVD,  BLUNT, TIPS,  3.8""",Storz  E3556,1
503,"1) ASSEMBLY:  PLACE ALL  DELICATE/SHARP  INSTRUMENTS  INTO SECTIONS  OF THE  NULTI-POUCH.  2)  PACKING MATERIAL:  FORCEPS, SCISSORS,  NEEDLE  HOLDERS,  ETC.  3)  PLACE  REMAINDER  OF INSTRUMENTS  INTO INDIVIDUAL  PEEL PACKS. 4)  FTNAL  FLUSH ALL  CANNULAE  WITH  STERILE  WATER.","CL/EYE  SCISSOR, STEVENS, TENOTOI'4Y,  STR, 4.4""",Storz  E3560,1
504,"1) ASSEMBLY:  PLACE ALL  DELICATE/SHARP  INSTRUMENTS  INTO SECTIONS  OF THE  NULTI-POUCH.  2)  PACKING MATERIAL:  FORCEPS, SCISSORS,  NEEDLE  HOLDERS,  ETC.  3)  PLACE  REMAINDER  OF INSTRUMENTS  INTO INDIVIDUAL  PEEL PACKS. 4)  FTNAL  FLUSH ALL  CANNULAE  WITH  STERILE  WATER.","SCISSOR, STORZ, CVD, IRIS, 25NN, 3.9""",Storz E3408,1
505,"1) ASSEMBLY:  PLACE ALL  DELICATE/SHARP  INSTRUMENTS  INTO SECTIONS  OF THE  NULTI-POUCH.  2)  PACKING MATERIAL:  FORCEPS, SCISSORS,  NEEDLE  HOLDERS,  ETC.  3)  PLACE  REMAINDER  OF INSTRUMENTS  INTO INDIVIDUAL  PEEL PACKS. 4)  FTNAL  FLUSH ALL  CANNULAE  WITH  STERILE  WATER.","SCISSOR, STORZ,  STR, IRIS, 25NN, 3.9”",Storz E3406,1
506,"1) ASSEMBLY:  PLACE ALL  DELICATE/SHARP  INSTRUMENTS  INTO SECTIONS  OF THE  NULTI-POUCH.  2)  PACKING MATERIAL:  FORCEPS, SCISSORS,  NEEDLE  HOLDERS,  ETC.  3)  PLACE  REMAINDER  OF INSTRUMENTS  INTO INDIVIDUAL  PEEL PACKS. 4)  FTNAL  FLUSH ALL  CANNULAE  WITH  STERILE  WATER.","SCISSOR, STRABISNUS,  CVD, 4.2""",Storz  E3572,1
507,"1) ASSEMBLY:  PLACE ALL  DELICATE/SHARP  INSTRUMENTS  INTO SECTIONS  OF THE  NULTI-POUCH.  2)  PACKING MATERIAL:  FORCEPS, SCISSORS,  NEEDLE  HOLDERS,  ETC.  3)  PLACE  REMAINDER  OF INSTRUMENTS  INTO INDIVIDUAL  PEEL PACKS. 4)  FTNAL  FLUSH ALL  CANNULAE  WITH  STERILE  WATER.","SCISSOR,  PIETZENBAUM,  BABY, STR, W/MICRO  SERR4.5""",Pilling 14-2200,1
508,"1) ASSEMBLY:  PLACE ALL  DELICATE/SHARP  INSTRUMENTS  INTO SECTIONS  OF THE  NULTI-POUCH.  2)  PACKING MATERIAL:  FORCEPS, SCISSORS,  NEEDLE  HOLDERS,  ETC.  3)  PLACE  REMAINDER  OF INSTRUMENTS  INTO INDIVIDUAL  PEEL PACKS. 4)  FTNAL  FLUSH ALL  CANNULAE  WITH  STERILE  WATER.","TOWEL  CLANP,  PENETRATING,  3.5”",Pilling  12-1605,4
509,"1) ASSEMBLY:  PLACE ALL  DELICATE/SHARP  INSTRUMENTS  INTO SECTIONS  OF THE  NULTI-POUCH.  2)  PACKING MATERIAL:  FORCEPS, SCISSORS,  NEEDLE  HOLDERS,  ETC.  3)  PLACE  REMAINDER  OF INSTRUMENTS  INTO INDIVIDUAL  PEEL PACKS. 4)  FTNAL  FLUSH ALL  CANNULAE  WITH  STERILE  WATER.",Subtotal for A)  Stringer,,Subtotal for A)  Stringer
510,"1) ASSEMBLY:  PLACE ALL  DELICATE/SHARP  INSTRUMENTS  INTO SECTIONS  OF THE  NULTI-POUCH.  2)  PACKING MATERIAL:  FORCEPS, SCISSORS,  NEEDLE  HOLDERS,  ETC.  3)  PLACE  REMAINDER  OF INSTRUMENTS  INTO INDIVIDUAL  PEEL PACKS. 4)  FTNAL  FLUSH ALL  CANNULAE  WITH  STERILE  WATER.",B) #1 Roll,,B) #1 Roll
511,"1) ASSEMBLY:  PLACE ALL  DELICATE/SHARP  INSTRUMENTS  INTO SECTIONS  OF THE  NULTI-POUCH.  2)  PACKING MATERIAL:  FORCEPS, SCISSORS,  NEEDLE  HOLDERS,  ETC.  3)  PLACE  REMAINDER  OF INSTRUMENTS  INTO INDIVIDUAL  PEEL PACKS. 4)  FTNAL  FLUSH ALL  CANNULAE  WITH  STERILE  WATER.","HOOK, JANESON,  MUSCLE, 2.0NM,  5.4""",Storz  E0586,"HOOK, JANESON,  MUSCLE, 2.0NM,  5.4"""
512,"1) ASSEMBLY:  PLACE ALL  DELICATE/SHARP  INSTRUMENTS  INTO SECTIONS  OF THE  NULTI-POUCH.  2)  PACKING MATERIAL:  FORCEPS, SCISSORS,  NEEDLE  HOLDERS,  ETC.  3)  PLACE  REMAINDER  OF INSTRUMENTS  INTO INDIVIDUAL  PEEL PACKS. 4)  FTNAL  FLUSH ALL  CANNULAE  WITH  STERILE  WATER.","HOOK, GREEN, STRABISNUS,  7NN, HOOK, 5. 1""",Storz  E0588,2
513,"1) ASSEMBLY:  PLACE ALL  DELICATE/SHARP  INSTRUMENTS  INTO SECTIONS  OF THE  NULTI-POUCH.  2)  PACKING MATERIAL:  FORCEPS, SCISSORS,  NEEDLE  HOLDERS,  ETC.  3)  PLACE  REMAINDER  OF INSTRUMENTS  INTO INDIVIDUAL  PEEL PACKS. 4)  FTNAL  FLUSH ALL  CANNULAE  WITH  STERILE  WATER.","RETRACTOR, SCHEPENS,  ORBITAL,  SNTH, 4.SW, 5.8""",Storz  E5008,1
514,"1) ASSEMBLY:  PLACE ALL  DELICATE/SHARP  INSTRUMENTS  INTO SECTIONS  OF THE  NULTI-POUCH.  2)  PACKING MATERIAL:  FORCEPS, SCISSORS,  NEEDLE  HOLDERS,  ETC.  3)  PLACE  REMAINDER  OF INSTRUMENTS  INTO INDIVIDUAL  PEEL PACKS. 4)  FTNAL  FLUSH ALL  CANNULAE  WITH  STERILE  WATER.","RETRACTOR,  DESNARRE,  LID, SIZE 0, 11NMW, BLD, 5.5""",Storz  E0980,1
515,"1) ASSEMBLY:  PLACE ALL  DELICATE/SHARP  INSTRUMENTS  INTO SECTIONS  OF THE  NULTI-POUCH.  2)  PACKING MATERIAL:  FORCEPS, SCISSORS,  NEEDLE  HOLDERS,  ETC.  3)  PLACE  REMAINDER  OF INSTRUMENTS  INTO INDIVIDUAL  PEEL PACKS. 4)  FTNAL  FLUSH ALL  CANNULAE  WITH  STERILE  WATER.","HOOK, JOSEPH,  SKIN, DBL, SNN, 6.25""",Pilling 44-2104,2
516,"1) ASSEMBLY:  PLACE ALL  DELICATE/SHARP  INSTRUMENTS  INTO SECTIONS  OF THE  NULTI-POUCH.  2)  PACKING MATERIAL:  FORCEPS, SCISSORS,  NEEDLE  HOLDERS,  ETC.  3)  PLACE  REMAINDER  OF INSTRUMENTS  INTO INDIVIDUAL  PEEL PACKS. 4)  FTNAL  FLUSH ALL  CANNULAE  WITH  STERILE  WATER.","CALIPER,  BRAUNSTEIN,  FIXED, 4MN, 3.5""",Storz E2402,1
517,"1) ASSEMBLY:  PLACE ALL  DELICATE/SHARP  INSTRUMENTS  INTO SECTIONS  OF THE  NULTI-POUCH.  2)  PACKING MATERIAL:  FORCEPS, SCISSORS,  NEEDLE  HOLDERS,  ETC.  3)  PLACE  REMAINDER  OF INSTRUMENTS  INTO INDIVIDUAL  PEEL PACKS. 4)  FTNAL  FLUSH ALL  CANNULAE  WITH  STERILE  WATER.","SUCTION, TUBE,  BARON, SFR",Pilling 41-1702,"SUCTION, TUBE,  BARON, SFR"
518,"1) ASSEMBLY:  PLACE ALL  DELICATE/SHARP  INSTRUMENTS  INTO SECTIONS  OF THE  NULTI-POUCH.  2)  PACKING MATERIAL:  FORCEPS, SCISSORS,  NEEDLE  HOLDERS,  ETC.  3)  PLACE  REMAINDER  OF INSTRUMENTS  INTO INDIVIDUAL  PEEL PACKS. 4)  FTNAL  FLUSH ALL  CANNULAE  WITH  STERILE  WATER.","SUCTION, TUBE,  BARON, 7FR",Pilling 41-1704,1
519,"1) ASSEMBLY:  PLACE ALL  DELICATE/SHARP  INSTRUMENTS  INTO SECTIONS  OF THE  NULTI-POUCH.  2)  PACKING MATERIAL:  FORCEPS, SCISSORS,  NEEDLE  HOLDERS,  ETC.  3)  PLACE  REMAINDER  OF INSTRUMENTS  INTO INDIVIDUAL  PEEL PACKS. 4)  FTNAL  FLUSH ALL  CANNULAE  WITH  STERILE  WATER.","SUCTION,  FERGUSON-FRAZIER,  NEURO,  #5,  12F",Pilling  16-2415,"SUCTION,  FERGUSON-FRAZIER,  NEURO,  #5,  12F"
520,"1) ASSEMBLY:  PLACE ALL  DELICATE/SHARP  INSTRUMENTS  INTO SECTIONS  OF THE  NULTI-POUCH.  2)  PACKING MATERIAL:  FORCEPS, SCISSORS,  NEEDLE  HOLDERS,  ETC.  3)  PLACE  REMAINDER  OF INSTRUMENTS  INTO INDIVIDUAL  PEEL PACKS. 4)  FTNAL  FLUSH ALL  CANNULAE  WITH  STERILE  WATER.","NEEDLE, ILIFF-WRIGHT,  FASCI, CVD,  1N X4 N, EYE, 5""",Storz  E2490,1
521,"1) ASSEMBLY:  PLACE ALL  DELICATE/SHARP  INSTRUMENTS  INTO SECTIONS  OF THE  NULTI-POUCH.  2)  PACKING MATERIAL:  FORCEPS, SCISSORS,  NEEDLE  HOLDERS,  ETC.  3)  PLACE  REMAINDER  OF INSTRUMENTS  INTO INDIVIDUAL  PEEL PACKS. 4)  FTNAL  FLUSH ALL  CANNULAE  WITH  STERILE  WATER.","HANDLE, KNIFE, ROUND, BEAVER,  BLD, 3K,  10,CN",Pilling 45-6006,1
522,"1) ASSEMBLY:  PLACE ALL  DELICATE/SHARP  INSTRUMENTS  INTO SECTIONS  OF THE  NULTI-POUCH.  2)  PACKING MATERIAL:  FORCEPS, SCISSORS,  NEEDLE  HOLDERS,  ETC.  3)  PLACE  REMAINDER  OF INSTRUMENTS  INTO INDIVIDUAL  PEEL PACKS. 4)  FTNAL  FLUSH ALL  CANNULAE  WITH  STERILE  WATER.","ELEVATOR,  COTTLE, SEPTUN, 9""",Pilling 44-1760,1
523,"1) ASSEMBLY:  PLACE ALL  DELICATE/SHARP  INSTRUMENTS  INTO SECTIONS  OF THE  NULTI-POUCH.  2)  PACKING MATERIAL:  FORCEPS, SCISSORS,  NEEDLE  HOLDERS,  ETC.  3)  PLACE  REMAINDER  OF INSTRUMENTS  INTO INDIVIDUAL  PEEL PACKS. 4)  FTNAL  FLUSH ALL  CANNULAE  WITH  STERILE  WATER.","ELEVATOR, TENZEL,  DBL-END,  PERIOSTEAL,  7.5""",Storz  E4595,1
524,"1) ASSEMBLY:  PLACE ALL  DELICATE/SHARP  INSTRUMENTS  INTO SECTIONS  OF THE  NULTI-POUCH.  2)  PACKING MATERIAL:  FORCEPS, SCISSORS,  NEEDLE  HOLDERS,  ETC.  3)  PLACE  REMAINDER  OF INSTRUMENTS  INTO INDIVIDUAL  PEEL PACKS. 4)  FTNAL  FLUSH ALL  CANNULAE  WITH  STERILE  WATER.","HANDLE, KNIFE,  #3, 5""",Pilling 35-2950,1
525,"1) ASSEMBLY:  PLACE ALL  DELICATE/SHARP  INSTRUMENTS  INTO SECTIONS  OF THE  NULTI-POUCH.  2)  PACKING MATERIAL:  FORCEPS, SCISSORS,  NEEDLE  HOLDERS,  ETC.  3)  PLACE  REMAINDER  OF INSTRUMENTS  INTO INDIVIDUAL  PEEL PACKS. 4)  FTNAL  FLUSH ALL  CANNULAE  WITH  STERILE  WATER.","RULER, STAIN-STEEL,  FLEXIBLE,  152I'4,  1N INCER, 6.3”",Storz  E2420,1
526,"1) ASSEMBLY:  PLACE ALL  DELICATE/SHARP  INSTRUMENTS  INTO SECTIONS  OF THE  NULTI-POUCH.  2)  PACKING MATERIAL:  FORCEPS, SCISSORS,  NEEDLE  HOLDERS,  ETC.  3)  PLACE  REMAINDER  OF INSTRUMENTS  INTO INDIVIDUAL  PEEL PACKS. 4)  FTNAL  FLUSH ALL  CANNULAE  WITH  STERILE  WATER.","RETRACTOR,  KNAPP,  LACRI, 4PRONGS,  BLT, 4NX8M,  5.3""",Storz  E4538,2
527,"1) ASSEMBLY:  PLACE ALL  DELICATE/SHARP  INSTRUMENTS  INTO SECTIONS  OF THE  NULTI-POUCH.  2)  PACKING MATERIAL:  FORCEPS, SCISSORS,  NEEDLE  HOLDERS,  ETC.  3)  PLACE  REMAINDER  OF INSTRUMENTS  INTO INDIVIDUAL  PEEL PACKS. 4)  FTNAL  FLUSH ALL  CANNULAE  WITH  STERILE  WATER.","RETRACTOR, SENN, 3-PRONGS,  SHARP, 6.25""",Pilling 16-4750,1
528,"1) ASSEMBLY:  PLACE ALL  DELICATE/SHARP  INSTRUMENTS  INTO SECTIONS  OF THE  NULTI-POUCH.  2)  PACKING MATERIAL:  FORCEPS, SCISSORS,  NEEDLE  HOLDERS,  ETC.  3)  PLACE  REMAINDER  OF INSTRUMENTS  INTO INDIVIDUAL  PEEL PACKS. 4)  FTNAL  FLUSH ALL  CANNULAE  WITH  STERILE  WATER.","RETRACTOR, SENN, 3-PRONGS,  BLUNT, 6.25""",Pilling  16-4752,1
529,"1) ASSEMBLY:  PLACE ALL  DELICATE/SHARP  INSTRUMENTS  INTO SECTIONS  OF THE  NULTI-POUCH.  2)  PACKING MATERIAL:  FORCEPS, SCISSORS,  NEEDLE  HOLDERS,  ETC.  3)  PLACE  REMAINDER  OF INSTRUMENTS  INTO INDIVIDUAL  PEEL PACKS. 4)  FTNAL  FLUSH ALL  CANNULAE  WITH  STERILE  WATER.","FCP, ADSON, TISSUE, W/TEETH,  4.75""",Pilllng  18-1223,"FCP, ADSON, TISSUE, W/TEETH,  4.75"""
530,"1) ASSEMBLY:  PLACE ALL  DELICATE/SHARP  INSTRUMENTS  INTO SECTIONS  OF THE  NULTI-POUCH.  2)  PACKING MATERIAL:  FORCEPS, SCISSORS,  NEEDLE  HOLDERS,  ETC.  3)  PLACE  REMAINDER  OF INSTRUMENTS  INTO INDIVIDUAL  PEEL PACKS. 4)  FTNAL  FLUSH ALL  CANNULAE  WITH  STERILE  WATER.",'•°.°.‘,,'•°.°.‘
531,"1) ASSEMBLY:  PLACE ALL  DELICATE/SHARP  INSTRUMENTS  INTO SECTIONS  OF THE  NULTI-POUCH.  2)  PACKING MATERIAL:  FORCEPS, SCISSORS,  NEEDLE  HOLDERS,  ETC.  3)  PLACE  REMAINDER  OF INSTRUMENTS  INTO INDIVIDUAL  PEEL PACKS. 4)  FTNAL  FLUSH ALL  CANNULAE  WITH  STERILE  WATER.",Censitrac,,Censitrac
532,"1) ASSEMBLY:  PLACE ALL  DELICATE/SHARP  INSTRUMENTS  INTO SECTIONS  OF THE  NULTI-POUCH.  2)  PACKING MATERIAL:  FORCEPS, SCISSORS,  NEEDLE  HOLDERS,  ETC.  3)  PLACE  REMAINDER  OF INSTRUMENTS  INTO INDIVIDUAL  PEEL PACKS. 4)  FTNAL  FLUSH ALL  CANNULAE  WITH  STERILE  WATER.",EYE PLASTIC,,EYE PLASTIC
533,"1) ASSEMBLY:  PLACE ALL  DELICATE/SHARP  INSTRUMENTS  INTO SECTIONS  OF THE  NULTI-POUCH.  2)  PACKING MATERIAL:  FORCEPS, SCISSORS,  NEEDLE  HOLDERS,  ETC.  3)  PLACE  REMAINDER  OF INSTRUMENTS  INTO INDIVIDUAL  PEEL PACKS. 4)  FTNAL  FLUSH ALL  CANNULAE  WITH  STERILE  WATER.",DESCRIPTION,CATALOG,DESCRIPTION
534,EYE PLASTIC,"FCP, TISSUE,  ADSON,  BROWN,  4.75""",Pilling  18-1235,1
535,EYE PLASTIC,"HOOK,  CRAWFORD,  INTUBATION,  WALSH  GH07",JedMed  28-0186,1
536,EYE PLASTIC,"DILATOR,  LACRINAL,  DBL  END,  PUNCTUAL  DILATOR",JedNed  08-6220,1
537,EYE PLASTIC,"FCP, TISSUE,  ADSON,  W/O TEETH,  5""",Pilling  15-2625,1
538,EYE PLASTIC,Subtotal for  B) #1  Roll,,Subtotal for  B) #1  Roll
539,EYE PLASTIC,C}  #2  Roll,,C}  #2  Roll
540,EYE PLASTIC,"FCP, BISHOP-HANON, TISSUE,  STR,  1 X  2 TTH,  3.4""",Storz  E1500,2
541,EYE PLASTIC,"FCP, JEWELER,  W/TYING  PLATF'M,  NARR, 6NN,  STR,  4.3",Storz  E1947,1
542,EYE PLASTIC,"ENT,  FCP,  LESTER,  FIX,  1 X  2 TTH,  3.8""",Storz  E1654,1
543,EYE PLASTIC,"FCP, GREEN,  FIXATION,  NARR,  12MN, JAWS,  TTH,  3.9""",Storz  E1600,1
544,EYE PLASTIC,"FCP, JAMESON,  NUSCLE,  12NN,  LFT, 3.9""",Storz  E2330,1
545,EYE PLASTIC,"FCP, CASTROVIEJO,  STR JAW,  0.5NN",Storz  E1798,2
546,EYE PLASTIC,"FCP, NCPHERSON,  STRAIGHT,  SERR, TYING,  4NM,  3.3""",Storz  E 1815-5,2
547,EYE PLASTIC,"NH, CASTROVIEJO,  W/LOCK,  NEDUIN,  STR,  5.8”",Storz  E3852,2
548,EYE PLASTIC,"NH, TROUTNAN,  NEDIUN,  10NN, CVD,  W/O  LOCK, 4.8""",Storz  E3839,2
549,EYE PLASTIC,"NH,  BARRAQUER,  CURVED,  W/LOCK",Karl Storz  E3828 CW,2
550,EYE PLASTIC,"NH, CASTROVIEJO,  CVD,  1 1 NM,  SERR,  W/LOCK,  5.4""",Storz  E3848,1
551,EYE PLASTIC,"FCP,  BIPOLAR,  COAPTATION,  ANG,  3.5F1F1 ,  4.6""",Storz  52050-9,1
552,EYE PLASTIC,"FCP, BIPOLAR, JEWELER,  TYPE,  W/MICRO  TIP,  4.7""",Storz  52050-1,1
553,EYE PLASTIC,"RETRACTOR,  STEVEN,  LACRIN,  SAC,  CVD,  3MM  TTH,  3.3""",Storz  E4500,2
554,EYE PLASTIC,"SPECULUFI,  NCPHER, SOLID,  14NN,  SPRING  BLD, 3.2""",Storz  E4014,1
555,EYE PLASTIC,"CL/EYE  FCP, CASTROVIEJO,  W/TTH,  STR JAW,  0.3NM",Storz  E1797,1
556,EYE PLASTIC,"SCISSOR,  WESTCOTT,  TYPE  STITCH,  SHP, TIP,  4.7""",Storz  E3321,1
557,EYE PLASTIC,"SCISSOR,  WESTCOTT,  TYPE,  UTILITY, SHARP, TIP,  5. 1""",Storz  E3322,1
558,EYE PLASTIC,Subtotal for C) #2 Roll,,Subtotal for C) #2 Roll
559,EYE PLASTIC,"FILTER, STEAM",Aesculap  0,"FILTER, STEAM"
560,EYE PLASTIC,Subtotal,,0
561,EYE PLASTIC,Total,,Total